
-- Script was generated by Devart dbForge Studio 2020 for MySQL, Version 9.0.338.0
-- Product home page: http://www.devart.com/dbforge/mysql/studio
-- Script date 06/12/2023 3:18:14 PM
-- Server version: 10.4.0
-- Client version: 4.1
--

-- 
-- Disable foreign keys
-- 
/*!40014 SET @OLD_FOREIGN_KEY_CHECKS=@@FOREIGN_KEY_CHECKS, FOREIGN_KEY_CHECKS=0 */;

-- 
-- Set SQL mode
-- 
/*!40101 SET @OLD_SQL_MODE=@@SQL_MODE, SQL_MODE='NO_AUTO_VALUE_ON_ZERO' */;

-- 
-- Set character set the client will use to send SQL statements to the server
--
-- SET NAMES 'utf8';

--
-- Set default database
--
-- USE bookworld;

--
-- Drop table `book_genre`
--
DROP TABLE IF EXISTS book_genre;

--
-- Drop table `genre`
--
DROP TABLE IF EXISTS genre;

--
-- Drop table `user_role`
--
DROP TABLE IF EXISTS user_role;

--
-- Drop table `role`
--
DROP TABLE IF EXISTS role;

--
-- Drop table `book_basket`
--
DROP TABLE IF EXISTS book_basket;

--
-- Drop table `book_sale`
--
DROP TABLE IF EXISTS book_sale;

--
-- Drop table `comment`
--
DROP TABLE IF EXISTS comment;

--
-- Drop table `likes`
--
DROP TABLE IF EXISTS likes;

--
-- Drop table `post`
--
DROP TABLE IF EXISTS post;

DROP TABLE IF EXISTS `month`;

--
-- Drop table `report`
--
DROP TABLE IF EXISTS report;

--
-- Drop table `pdf`
--
DROP TABLE IF EXISTS pdf;

--
-- Drop table `options`
--
DROP TABLE IF EXISTS options;

--
-- Drop table `questions`
--
DROP TABLE IF EXISTS questions;

--
-- Drop table `test`
--
DROP TABLE IF EXISTS test;

--
-- Drop table `quick_test`
--
DROP TABLE IF EXISTS quick_test;

--
-- Drop table `scoring`
--
DROP TABLE IF EXISTS scoring;

--
-- Drop table `book`
--
DROP TABLE IF EXISTS book;

--
-- Drop table `friendship`
--
DROP TABLE IF EXISTS friendship;

--
-- Drop table `user`
--
DROP TABLE IF EXISTS user;

--
-- Set default database
--
-- USE bookworld;

--
-- Create table `user`
--
CREATE TABLE user (
  id bigint NOT NULL UNIQUE AUTO_INCREMENT (20),
  birth_date varchar(255) DEFAULT NULL,
  enabled boolean DEFAULT NULL,
  introducing varchar(255) DEFAULT NULL,
  name varchar(255) DEFAULT NULL,
  native_place varchar(255) DEFAULT NULL,
  password varchar(255) DEFAULT NULL,
  phone varchar(255) DEFAULT NULL,
  total_book int DEFAULT NULL,
  url_avatar varchar(255) DEFAULT NULL,
  user_name varchar(255) DEFAULT NULL,
  verification_code varchar(255) DEFAULT NULL,
  registration_date datetime(6) DEFAULT NULL,
  PRIMARY KEY (id)
)
;

--
-- Create table `friendship`
--
CREATE TABLE friendship (
  id bigint NOT NULL AUTO_INCREMENT (45),
  status enum ('ACCEPTED', 'PENDING', 'REJECTED') DEFAULT NULL,
  id_receiver bigint DEFAULT NULL,
  id_sender bigint DEFAULT NULL,
  PRIMARY KEY (id)
)
;

--
-- Create foreign key
--
ALTER TABLE friendship
ADD CONSTRAINT FKlieuxvudogumn7q9cg4ymw1mm FOREIGN KEY (id_receiver)
REFERENCES user (id);

--
-- Create foreign key
--
ALTER TABLE friendship
ADD CONSTRAINT FKsv63fif59kv1t47m4urlv3h25 FOREIGN KEY (id_sender)
REFERENCES user (id);

--
-- Create table `book`
--
CREATE TABLE book (
  id bigint NOT NULL AUTO_INCREMENT (72),
  name varchar(255) DEFAULT NULL,
  number_pages bigint DEFAULT NULL,
  publish_date datetime(6) DEFAULT NULL,
  publisher varchar(255) DEFAULT NULL,
  url_poster varchar(255) DEFAULT NULL,
  user_id bigint DEFAULT NULL,
  scoring double DEFAULT NULL,
  introducing text DEFAULT NULL,
  PRIMARY KEY (id)
)
;

--
-- Create foreign key
--
ALTER TABLE book
ADD CONSTRAINT FKqa5v6i724ymkjfucx9xxmole0 FOREIGN KEY (user_id)
REFERENCES user (id);

--
-- Create table `scoring`
--
CREATE TABLE scoring (
  id bigint NOT NULL AUTO_INCREMENT (23),
  score int DEFAULT NULL,
  timestamp datetime(6) DEFAULT NULL,
  book_id bigint DEFAULT NULL,
  user_id bigint DEFAULT NULL,
  PRIMARY KEY (id)
)
;

--
-- Create foreign key
--
ALTER TABLE scoring
ADD CONSTRAINT FK391vsor8b16lyd33gn3w71pho FOREIGN KEY (user_id)
REFERENCES user (id);

--
-- Create foreign key
--
ALTER TABLE scoring
ADD CONSTRAINT FKcr48e9lna1ymrlo636tx01439 FOREIGN KEY (book_id)
REFERENCES book (id);

--
-- Create table `quick_test`
--
CREATE TABLE quick_test (
  id bigint NOT NULL AUTO_INCREMENT,
  name varchar(255) DEFAULT NULL,
  book_id bigint DEFAULT NULL,
  PRIMARY KEY (id)
)
;

--
-- Create foreign key
--
ALTER TABLE quick_test
ADD CONSTRAINT FKaa0ei30xvbayl6df2k6iucdiy FOREIGN KEY (book_id)
REFERENCES book (id);

--
-- Create table `test`
--
CREATE TABLE test (
  id bigint NOT NULL AUTO_INCREMENT,
  answer1 varchar(255) DEFAULT NULL,
  answer2 varchar(255) DEFAULT NULL,
  answer3 varchar(255) DEFAULT NULL,
  answer4 varchar(255) DEFAULT NULL,
  correct_answer varchar(255) DEFAULT NULL,
  ordinal_number bigint DEFAULT NULL,
  question varchar(255) DEFAULT NULL,
  quick_id bigint DEFAULT NULL,
  PRIMARY KEY (id)
)
;

--
-- Create foreign key
--
ALTER TABLE test
ADD CONSTRAINT FKbg0dw37bnpkk4sug6xbdhsitq FOREIGN KEY (quick_id)
REFERENCES quick_test (id);

--
-- Create table `questions`
--
CREATE TABLE questions (
  id binary(16) NOT NULL,
  question_text varchar(255) DEFAULT NULL,
  scoring int DEFAULT NULL,
  book_id bigint DEFAULT NULL,
  PRIMARY KEY (id)
)
;

--
-- Create foreign key
--
ALTER TABLE questions
ADD CONSTRAINT FK1ki3joo7ykn862njqsev2byf4 FOREIGN KEY (book_id)
REFERENCES book (id);

--
-- Create table `options`
--
CREATE TABLE options (
  id bigint NOT NULL AUTO_INCREMENT (53),
  is_correct int DEFAULT NULL,
  options_text varchar(255) DEFAULT NULL,
  question_id binary(16) DEFAULT NULL,
  PRIMARY KEY (id)
)
;

--
-- Create foreign key
--
ALTER TABLE options
ADD CONSTRAINT FK5bmv46so2y5igt9o9n9w4fh6y FOREIGN KEY (question_id)
REFERENCES questions (id);

--
-- Create table `pdf`
--
CREATE TABLE pdf (
  id bigint NOT NULL AUTO_INCREMENT (5),
  url_pdf varchar(255) DEFAULT NULL,
  book_id bigint DEFAULT NULL,
  user_id bigint DEFAULT NULL,
  PRIMARY KEY (id)
)
;

--
-- Create foreign key
--
ALTER TABLE pdf
ADD CONSTRAINT FK7tlsamnjbbujfpybqa69f6661 FOREIGN KEY (book_id)
REFERENCES book (id);

--
-- Create foreign key
--
ALTER TABLE pdf
ADD CONSTRAINT FKmq6r2ofxtc2a43xfgtxim5oby FOREIGN KEY (user_id)
REFERENCES user (id);

--
-- Create table `report`
--
CREATE TABLE report (
  id bigint NOT NULL AUTO_INCREMENT (3),
  description varchar(255) DEFAULT NULL,
  reason varchar(255) DEFAULT NULL,
  status tinyint DEFAULT NULL,
  timestamp datetime(6) DEFAULT NULL,
  pdf_id bigint DEFAULT NULL,
  user_id bigint DEFAULT NULL,
  PRIMARY KEY (id)
)
;

--
-- Create foreign key
--
ALTER TABLE report
ADD CONSTRAINT FKpurblvvr6uf6jh3esd51udt8l FOREIGN KEY (user_id)
REFERENCES user (id);

--
-- Create foreign key
--
ALTER TABLE report
ADD CONSTRAINT FKqwv5qkcfe1qbbdf4w2asrwy5f FOREIGN KEY (pdf_id)
REFERENCES pdf (id);

--
-- Create table `post`
--
CREATE TABLE post (
  id bigint NOT NULL AUTO_INCREMENT (3),
  scoring bigint DEFAULT NULL,
  total_comment bigint DEFAULT NULL,
  total_like bigint DEFAULT NULL,
  book_id bigint DEFAULT NULL,
  pdf_id bigint DEFAULT NULL,
  user_id bigint DEFAULT NULL,
  introducing text DEFAULT NULL,
  created_on datetime(6) DEFAULT NULL,
  last_updated_on datetime(6) DEFAULT NULL,
  content varchar(255) DEFAULT NULL,
  timestamp datetime(6) DEFAULT NULL,
  PRIMARY KEY (id)
)
;

--
-- Create foreign key
--
ALTER TABLE post
ADD CONSTRAINT FK51aeb5le008k8klgnyfaalmn FOREIGN KEY (user_id)
REFERENCES user (id);

--
-- Create foreign key
--
ALTER TABLE post
ADD CONSTRAINT FKaj611i1k4o93eecofpl8yjmx1 FOREIGN KEY (pdf_id)
REFERENCES pdf (id);

--
-- Create foreign key
--
ALTER TABLE post
ADD CONSTRAINT FKtbl5q10ybsqlqgcx5q3ntjijb FOREIGN KEY (book_id)
REFERENCES book (id);

CREATE TABLE `month` (
  `month` int NOT NULL,
  `quarter` int DEFAULT NULL,
  PRIMARY KEY (`month`)
)
--
-- Create table `likes`
--
CREATE TABLE likes (
  user_id bigint NOT NULL,
  post_id bigint NOT NULL,
  created_on datetime(6) DEFAULT NULL,
  PRIMARY KEY (user_id, post_id)
)
;

--
-- Create foreign key
--
ALTER TABLE likes
ADD CONSTRAINT FKgnujyqu0fqtv970byhekkrsiv FOREIGN KEY (user_id)
REFERENCES user (id);

--
-- Create foreign key
--
ALTER TABLE likes
ADD CONSTRAINT FKowd6f4s7x9f3w50pvlo6x3b41 FOREIGN KEY (post_id)
REFERENCES post (id);

--
-- Create table `comment`
--
CREATE TABLE comment (
  id binary(16) NOT NULL,
  comment_scoring double DEFAULT NULL,
  introducing text DEFAULT NULL,
  created_on datetime(6) DEFAULT NULL,
  last_updated_on datetime(6) DEFAULT NULL,
  parent_id binary(16) DEFAULT NULL,
  post_id bigint NOT NULL,
  user_id bigint NOT NULL,
  PRIMARY KEY (id)
)
;

--
-- Create foreign key
--
ALTER TABLE comment
ADD CONSTRAINT FKn6xssinlrtfnm61lwi0ywn71q FOREIGN KEY (user_id)
REFERENCES user (id);

--
-- Create foreign key
--
ALTER TABLE comment
ADD CONSTRAINT FKs1slvnkuemjsq2kj4h3vhx7i1 FOREIGN KEY (post_id)
REFERENCES post (id);

--
-- Create table `book_sale`
--
CREATE TABLE book_sale (
  id bigint NOT NULL AUTO_INCREMENT,
  book_condition tinyint DEFAULT NULL,
  description varchar(255) DEFAULT NULL,
  price bigint DEFAULT NULL,
  timestamp datetime(6) DEFAULT NULL,
  book_id bigint DEFAULT NULL,
  user_id bigint DEFAULT NULL,
  PRIMARY KEY (id)
)
;

--
-- Create foreign key
--
ALTER TABLE book_sale
ADD CONSTRAINT FKg7fahfe0toxiqt9pdfnieuibo FOREIGN KEY (book_id)
REFERENCES book (id);

--
-- Create foreign key
--
ALTER TABLE book_sale
ADD CONSTRAINT FKsds3nf6qmdb7rou7s6avmhx1s FOREIGN KEY (user_id)
REFERENCES user (id);

--
-- Create table `book_basket`
--
CREATE TABLE book_basket (
  book_id bigint NOT NULL,
  user_id bigint NOT NULL,
  status varchar(255) DEFAULT NULL,
  timestamp datetime(6) DEFAULT NULL,
  PRIMARY KEY (book_id, user_id)
)
;

--
-- Create foreign key
--
ALTER TABLE book_basket
ADD CONSTRAINT FK6c8v7kjwrmw4d7kb8o4xhr9w1 FOREIGN KEY (book_id)
REFERENCES book (id);

--
-- Create foreign key
--
ALTER TABLE book_basket
ADD CONSTRAINT FK6kl7x3f8j0x17pxsns5ug8s5u FOREIGN KEY (user_id)
REFERENCES user (id);

--
-- Create table `role`
--
CREATE TABLE role (
  id bigint NOT NULL AUTO_INCREMENT,
  name enum ('ROLE_ADMIN', 'ROLE_AUTHOR', 'ROLE_USER') DEFAULT NULL,
  PRIMARY KEY (id)
)
;

--
-- Create table `user_role`
--
CREATE TABLE user_role (
  user_id bigint NOT NULL,
  role_id bigint NOT NULL,
  PRIMARY KEY (user_id, role_id)
)
;

--
-- Create foreign key
--
ALTER TABLE user_role
ADD CONSTRAINT FKa68196081fvovjhkek5m97n3y FOREIGN KEY (role_id)
REFERENCES role (id);

--
-- Create foreign key
--
ALTER TABLE user_role
ADD CONSTRAINT FKfgsgxvihks805qcq8sq26ab7c FOREIGN KEY (user_id)
REFERENCES user (id);

--
-- Create table `genre`
--
CREATE TABLE genre (
  id bigint NOT NULL AUTO_INCREMENT,
  name varchar(255) DEFAULT NULL,
  PRIMARY KEY (id)
)
;

--
-- Create table `book_genre`
--
CREATE TABLE book_genre (
  book_id bigint NOT NULL,
  genre_id bigint NOT NULL,
  PRIMARY KEY (book_id, genre_id)
)
;

--
-- Create foreign key
--
ALTER TABLE book_genre
ADD CONSTRAINT FK52evq6pdc5ypanf41bij5u218 FOREIGN KEY (book_id)
REFERENCES book (id);

--
-- Create foreign key
--
ALTER TABLE book_genre
ADD CONSTRAINT FK8l6ops8exmjrlr89hmfow4mmo FOREIGN KEY (genre_id)
REFERENCES genre (id);

-- 
-- Dumping data for table user
--
INSERT INTO user VALUES
(1, NULL, False, NULL, NULL, NULL, '$2a$10$lhN.37qratnsIZrXWk0D.eWaD/aXoc3vFhTXNrnKPR..Zp/YNNc3C', NULL, NULL, 'https://307a0e78.vws.vegacdn.vn/view/v2/image/img.book/0/0/0/26650.jpg?v=1&w=340&h=497', 'user@gmail.com', 'Verified', NULL),
(2, NULL, True, NULL, NULL, NULL, '$2a$10$3SP4ATSbFwmEQ52J3jyl/uf4TpFzBjNwcjdeLHqAboHiU2ceb20R.', NULL, NULL, 'https://307a0e78.vws.vegacdn.vn/view/v2/image/img.book/0/0/0/3581.jpg?v=3&w=340&h=497', 'user1@gmail.com', 'Verified', NULL),
(3, NULL, True, NULL, NULL, NULL, '$2a$10$XmGF3K1eislW1eUJx5G.ouz1UalAeCtxmgxzufbVu/Ux0z0b9oH2S', NULL, NULL, 'https://307a0e78.vws.vegacdn.vn/view/v2/image/img.book/0/0/0/17943.jpg?v=1&w=340&h=497', 'user2@gmail.com', 'Verified', NULL),
(4, NULL, True, NULL, 'Hai Anh', NULL, '$2a$10$XmGF3K1eislW1eUJx5G.ouz1UalAeCtxmgxzufbVu/Ux0z0b9oH2S', NULL, NULL, 'https://307a0e78.vws.vegacdn.vn/view/v2/image/img.book/0/0/0/19207.jpg?v=1&w=340&h=497', 'admin@gmail.com', 'Verified', NULL),
(5, NULL, True, NULL, 'Hai em', NULL, '$2a$10$XmGF3K1eislW1eUJx5G.ouz1UalAeCtxmgxzufbVu/Ux0z0b9oH2S', NULL, NULL, 'https://307a0e78.vws.vegacdn.vn/view/v2/image/img.book/0/0/0/32638.jpg?v=1&w=340&h=497', 'author@gmail.com', 'Verified', NULL),
(9, NULL, True, NULL, 'cho Bach', NULL, '$2a$10$XmGF3K1eislW1eUJx5G.ouz1UalAeCtxmgxzufbVu/Ux0z0b9oH2S', NULL, NULL, 'https://307a0e78.vws.vegacdn.vn/view/v2/image/img.book/0/0/0/18871.jpg?v=1&w=340&h=497', 'chien9pm@gmail.com', 'Verified', NULL),
(10, NULL, True, NULL, 'Chiến học mãi ko giỏi', NULL, '$2a$10$XmGF3K1eislW1eUJx5G.ouz1UalAeCtxmgxzufbVu/Ux0z0b9oH2S', NULL, NULL, 'https://307a0e78.vws.vegacdn.vn/view/v2/image/img.book/0/0/1/44069.jpg?v=1&w=340&h=497', 'user3@gmail.com', 'Verified', NULL),
(11, NULL, False, NULL, 'Lý code ', NULL, '$2a$10$XmGF3K1eislW1eUJx5G.ouz1UalAeCtxmgxzufbVu/Ux0z0b9oH2S', NULL, NULL, 'https://307a0e78.vws.vegacdn.vn/view/v2/image/img.book/0/0/0/32764.jpg?v=1&w=340&h=497', 'chien9pmt@gmail.com', 'Verified', NULL),
(12, NULL, True, NULL, 'Nguyện giỏi', NULL, '$2a$10$XmGF3K1eislW1eUJx5G.ouz1UalAeCtxmgxzufbVu/Ux0z0b9oH2S', NULL, NULL, 'https://307a0e78.vws.vegacdn.vn/view/v2/image/img.book/0/0/1/42194.jpg?v=1&w=340&h=497', 'lehuyhaianh0808@gmail.com', 'Verified', NULL),
(13, NULL, True, NULL, 'Chiến Nhật Bản', NULL, '$2a$10$XmGF3K1eislW1eUJx5G.ouz1UalAeCtxmgxzufbVu/Ux0z0b9oH2S', NULL, NULL, 'https://307a0e78.vws.vegacdn.vn/view/v2/image/img.book/0/0/0/22182.jpg?v=1&w=340&h=497', 'user50@gmail.com', 'Verified', NULL),
(14, NULL, False, NULL, 'Tiểu quỷ phú thọ', NULL, '$2a$10$XmGF3K1eislW1eUJx5G.ouz1UalAeCtxmgxzufbVu/Ux0z0b9oH2S', NULL, NULL, 'https://img.freepik.com/premium-photo/cute-asian-girl-kawaii-anime-avatar-ai-generative-art_225753-9233.jpg', 'user51@gmail.com', 'Verified', NULL),
(15, NULL, False, NULL, NULL, NULL, '$2a$10$XmGF3K1eislW1eUJx5G.ouz1UalAeCtxmgxzufbVu/Ux0z0b9oH2S', NULL, NULL, 'https://fiverr-res.cloudinary.com/images/t_smartwm/t_main1,q_auto,f_auto,q_auto,f_auto/attachments/delivery/asset/31e5558484a7c2624a1fa169404e9992-1678803421/illustration_background/draw-cute-chibi-anime-avatar-for-your-profile-picture-youtube-twitch.jpg', 'user100@gmail.com', 'eyJhbGciOiJIUzI1NiJ9.eyJzdWIiOiI4OTY1NzMiLCJpYXQiOjE3MDAzMjM3OTQsImV4cCI6MTcwMDMyMzg1NH0.ogRDbYUeMSstxgO6g8oVHd0X-SX46aAhjXwhSd0sxII', NULL),
(16, NULL, False, NULL, NULL, NULL, '$2a$10$XmGF3K1eislW1eUJx5G.ouz1UalAeCtxmgxzufbVu/Ux0z0b9oH2S', NULL, NULL, 'https://encrypted-tbn0.gstatic.com/images?q=tbn:ANd9GcRkW9hB_sY38Mi2LLqaWJX2rfvHRQj6rd9Q7Q&usqp=CAU', 'user101@gmail.com', 'eyJhbGciOiJIUzI1NiJ9.eyJzdWIiOiIzMjYzNDIiLCJpYXQiOjE3MDAzMjM4NjQsImV4cCI6MTcwMDMyMzkyNH0.GE2cflhn_wwtUrmGHV-d08iFPJW-hY9MNep14cNo7Hk', NULL),
(17, NULL, False, NULL, NULL, NULL, '$2a$10$XmGF3K1eislW1eUJx5G.ouz1UalAeCtxmgxzufbVu/Ux0z0b9oH2S', NULL, NULL, 'https://encrypted-tbn0.gstatic.com/images?q=tbn:ANd9GcRZoE5vp-UIJzCrfbD7pztJhbXAHxqL_u2PcA&usqp=CAU', 'user102@gmail.com', 'eyJhbGciOiJIUzI1NiJ9.eyJzdWIiOiI0ODczNDIiLCJpYXQiOjE3MDAzMjM4ODUsImV4cCI6MTcwMDMyMzk0NX0.WA2Q_b4BkYw8UpZY43yrZ3YUnvvg9HRqTX2UuqIGHxo', NULL),
(18, NULL, False, NULL, NULL, NULL, '$2a$10$XmGF3K1eislW1eUJx5G.ouz1UalAeCtxmgxzufbVu/Ux0z0b9oH2S', NULL, NULL, 'https://encrypted-tbn0.gstatic.com/images?q=tbn:ANd9GcTs-EZVOW02TwzoNmVUD_Q8Ic39cNuxYnpYtw&usqp=CAU', 'user103@gmail.com', 'eyJhbGciOiJIUzI1NiJ9.eyJzdWIiOiIxNjA2NjUiLCJpYXQiOjE3MDAzMjM5NTksImV4cCI6MTcwMDMyNDAxOX0.IKbt1MfrmBiuTZgCAFrBOQLpfby27R2V3ygYJZYG2zU', NULL),
(19, NULL, False, NULL, NULL, NULL, '$2a$10$XmGF3K1eislW1eUJx5G.ouz1UalAeCtxmgxzufbVu/Ux0z0b9oH2S', NULL, NULL, 'https://encrypted-tbn0.gstatic.com/images?q=tbn:ANd9GcTqWooaUj3eW2kqfuH__4FM_mtNE5uTH8j64g&usqp=CAU', 'user104@gmail.com', 'eyJhbGciOiJIUzI1NiJ9.eyJzdWIiOiI2ODU5MTciLCJpYXQiOjE3MDAzMjQwMjYsImV4cCI6MTcwMDMyNDA4Nn0.gaq9J7-_EBvdjOHrpD3v5HoSZE1L8KDbEOqlslZ8iYI', NULL);
--ALTER TABLE user AUTO_INCREMENT=20;
-- 
-- Dumping data for table book
--
INSERT INTO book VALUES
(1, 'The Girl with the Dragon Tattoo', NULL, NULL, 'Hàn Vũ Ký', 'https://images-na.ssl-images-amazon.com/images/S/compressed.photo.goodreads.com/books/1691733246i/61997573.jpg', 2, NULL, NULL),
(2, 'Harry Potter and the Philosopher’s Stone', NULL, NULL, 'Hàn Vũ Ký', 'https://encrypted-tbn0.gstatic.com/images?q=tbn:ANd9GcTbSko59ktzE0FJS4usiq58pb7tTjR1UVrHzA&usqp=CAU', 2, 3, NULL),
(3, '月刊少女野崎くん 15 [Gekkan Shoujo Nozaki-kun 15]', 3, '2023-09-12 15:40:02', 'スクウェア・エニックス', 'https://images-na.ssl-images-amazon.com/images/S/compressed.photo.goodreads.com/books/1691733246i/61997573.jpg', 3, 3, 'She is a Japanese manga artist known for creating The Magic Touch and Oresama Teacher which have both been serialized on the Hana to Yume magazine./nTsubaki began drawing manga in her first year of high school. She was soon selected to be in the top 10 of Hana to Yume Mangaka Course, and subsequently won the Big Challenge contest.'),
(4, '月刊少女野崎くん 15 [Gekkan Shoujo Nozaki-kun 15]', 3, '2023-09-12 15:40:02', 'スクウェア・エニックス', 'https://images-na.ssl-images-amazon.com/images/S/compressed.photo.goodreads.com/books/1691733246i/61997573.jpg', 3, NULL, 'She is a Japanese manga artist known for creating The Magic Touch and Oresama Teacher which have both been serialized on the Hana to Yume magazine./nTsubaki began drawing manga in her first year of high school. She was soon selected to be in the top 10 of Hana to Yume Mangaka Course, and subsequently won the Big Challenge contest.'),
(5, '2 月刊少女野崎くん 15 [Gekkan Shoujo Nozaki-kun 15]', 3, '2023-09-12 15:40:02', 'スクウェア・エニックス', 'https://images-na.ssl-images-amazon.com/images/S/compressed.photo.goodreads.com/books/1691733246i/61997573.jpg', 3, NULL, 'She is a Japanese manga artist known for creating The Magic Touch and Oresama Teacher which have both been serialized on the Hana to Yume magazine./nTsubaki began drawing manga in her first year of high school. She was soon selected to be in the top 10 of Hana to Yume Mangaka Course, and subsequently won the Big Challenge contest.'),
(6, 'a', 1, '2023-11-27 21:34:44', '1', 'https://firebasestorage.googleapis.com/v0/b/ha-pj-a27a8.appspot.com/o/files%2FScreenshot%202023-07-22%20103902.png?alt=media&token=6cf55135-ae60-4adf-ac33-04b32e4bf59e', 1, NULL, '2'),
(7, 'Harry Potter and the Philosopher’s Stone', 223, '1997-06-26 00:00:00', 'Bloomsbury Publishing', 'https://images-na.ssl-images-amazon.com/images/S/compressed.photo.goodreads.com/books/1170803558l/72193.jpg', 2, NULL, 'Harry Potter nghĩ mình là một cậu bé bình thường - cho đến khi cậu được một con cú cứu, đưa đến Trường Pháp thuật và Ma thuật Hogwarts, học chơi Quidditch và chiến đấu trong một trận đấu tay đôi chết người.'),
(8, 'Xin chào thiếu tướng đại nhân', 400, '2022-08-05 00:00:00', 'Hàn Vũ Ký', 'https://307a0e78.vws.vegacdn.vn/view/v2/image/img.book/0/0/1/37754.jpg?v=1&w=340&h=497', 2, NULL, 'Cố Niệm Chi là một cô bé mồ côi, bố mẹ đã mất trong một tai nạn bí ẩn. Cô được quân đội giao cho Hoắc Thiệu Hằng - Thiếu tướng đứng đầu cục tác chiến đặc biệt và quân khu sáu chăm sóc.\r\nCố Niệm Chi mới mười bảy tuổi đã tốt nghiệp đại học, muốn thi nghiên cứu sinh khoa Luật Đại học B do Giáo sư Hà Chi Sơ hướng dẫn. Do đố kị tài năng và nhan sắc của Cố Niệm Chi mà Phùng Nghi Hỷ đã dụ cô đến tiệc sinh nhật mình, hạ thuốc nhằm làm cô nhục nhã, không đến kịp kì thi tuyển nghiên cứu sinh.\r\nHoắc Thiệu Hằng vì muốn cứu cô nên hai người đã có “tình một đêm” nhưng Cố Niệm Chi không hề hay biết. Là Thiếu tướng, sóng to gió lớn gì mà anh chưa từng thấy qua nhưng không ngờ lại thua trong tay của cô nhóc mình nuôi nấng sáu năm trời, chậm rãi mà rơi vào tâm của cô. Sau sự việc đó, Hoắc Thiệu Hằng luôn tìm cách tránh mặt, thờ ơ với Cố Niệm Chi.'),
(9, 'Siêu cấp cưng chiều', 300, '2021-04-02 00:00:00', 'Mạn Tây', 'https://307a0e78.vws.vegacdn.vn/view/v2/image/img.book/0/0/0/10268.jpg?v=3&w=340&h=497', 3, NULL, 'Cuốn sách này đã hết hạn bản quyền trên Waka, chúng tôi sẽ thông báo khi có cập nhật bản quyền mới nhất. biết anh yêu em. Mà là rõ ràng em ở bên cạnh anh, nhưng anh không biết anh yêu em. Cũng có thể là rõ ràng cả hai gần nhau như vậy, nhưng một người rẽ trái, một người khác lại rẽ phải. Mua dây buộc mình chính là câu truyện ấy, là gần nhau, xa nhau, yêu nhau do cả hai sai phương hướng. Nhiều năm trước, Trịnh Hài thề rằng: “Nếu tôi có bất cứ ý đồ gì khác với Hòa Hòa, tôi sẽ bị sét đánh!” Sức mạnh lý trí kiên định của anh mạnh gấp vạn lần sức mạnh cảm tính. Nhiều năm sau, anh dùng cách thức mà bản thân mình chưa từng nghĩ đến, đồng thời đã bị sét trời và sét đất đánh trúng. Là anh đã lâm vào lưới tình với cô. Đến với truyện tình yêu này cả cô và anh, cả hai là do không chịu bước\r\nĐôi nam nữ trong kén, quá gần không được, quá xa không được, bên nhau không được, xa nhau không được. Thật ra, trong tình yêu, điều cần thiết đôi khi chỉ là một cơ hội phá kén bung ra, và chút ít dũng khí mà thôi'),
(10, 'Nhất phẩm thiên kim', 500, '2014-10-09 00:00:00', 'Địch Hoa', 'https://307a0e78.vws.vegacdn.vn/view/v2/image/img.book/0/0/0/975.jpg?v=2&w=340&h=497', 3, NULL, 'Nội dung dễ thương, có những lúc ngọt ngào, có những lúc hài hước và có cả những lúc làm người đọc cảm động về tình cảm của 2 nhân vật chính.\r\nHoắc Truy Ân bề ngoài mạnh mẽ nhưng bên trong rất đáng yêu, Tiết Niệm Chung bề ngoài thư sinh nhưng bên trong lại rất kiên cường'),
(11, 'Đảo giấu vàng', 400, '2022-02-18 00:00:00', 'Robert Louis Stevenson', 'https://307a0e78.vws.vegacdn.vn/view/v2/image/img.book/0/0/0/6972.jpg?v=3&w=340&h=497', 3, NULL, 'Một hòn đảo chơi vơi giữa biển,nó chứa trong lòng mình một kho vàng do băng cướp của một viên thuyền trưởng tên là Flint cất giấuVàng – cái ma lực phi thường của xã hội châu Âu.Ai sẽ đoạt được kho vàng, bọn cướp còn lại trong băng nhóm của Flint hay những kẻ khác?'),
(12, 'Đi tìm Gobi', 400, '2022-12-05 00:00:00', 'Dion Leonard', 'https://307a0e78.vws.vegacdn.vn/view/v2/image/img.book/0/0/1/41120.jpg?v=1&w=340&h=497', 3, NULL, 'Giống như một điều kì diệu, “Đi tìm Gobi” kể về câu chuyện gặp gỡ thần kỳ giữa Dion - vận động viên điền kinh người Scotland và người bạn chó đặc biệt khi anh tham gia chạy đua quãng đường 250 km trên sa mạc Gobi'),
(13, 'Thời ấy chưa xa', 600, '2022-11-14 00:00:00', ' Lương Sĩ Cầm', 'https://307a0e78.vws.vegacdn.vn/view/v2/image/img.book/0/0/1/39587.jpg?v=1&w=340&h=497', 3, NULL, 'Bọn lính ở các chòi canh châu nòng súng bắn liên hồi. Quý Lê trúng đạn. Hy sinh dưới chân hàng rào dây thép gai. Milô được tin, tức tốc chạy đến. Nhìn thi thể bất động của người tù binh, hắn làm dấu thánh và thốt ra lời: - Một người lính kiên cường! '),
(14, 'Sống để đời yêu', 500, '2022-11-14 00:00:00', ' Phùng Thiên Tân', 'https://307a0e78.vws.vegacdn.vn/view/v2/image/img.book/0/0/1/39584.jpg?v=1&w=340&h=497', 3, NULL, 'Anh cảnh sát quay ra phía vòng người, nói: - Thôi bà con về ngủ đi. Khuya rồi! Chính lúc ấy gã đàn ông rút con dao ở trong người ra nhảy bổ đâm vào lưng trên bên trái anh cảnh sát. Mọi người chỉ kêu “hú” lên... Anh cảnh sát đổ sấp xuống. Chị Trinh té nhào xuống ôm lấy người Kỳ, gào thét như điên dại. Những tiếng sau cùng mà người ta nghe rõ được là “Trời ơi! Suốt đời tôi mang nợ!...”.'),
(15, 'Cạm bẫy người', 300, '2022-06-17 00:00:00', 'Vũ Trọng Phụng', 'https://307a0e78.vws.vegacdn.vn/view/v2/image/img.book/0/0/1/37127.jpg?v=1&w=340&h=497', 3, NULL, 'Phóng sự “Cạm bẫy người” của Vũ Trọng Phụng viết về nạn cờ bạc bịp ở đất Hà thành những năm 1930, vạch rõ bộ mặt của một tệ đoan xã hội đồng thời nêu ra những bi kịch của nó cho bọn tín đồ “tôn giáo đỏ đen”.'),
(16, 'Dấn thân', 700, '2023-04-11 00:00:00', 'Jeffrey Archer', 'https://307a0e78.vws.vegacdn.vn/view/v2/image/img.book/0/0/1/44081.jpg?v=1&w=340&h=497', 3, NULL, 'William Warwick luôn mơ ước trở thành một thám tử trong khi cha của anh lại muốn anh trở thành một luật sư,William đã tốt nghiệp đại học và trở thành một thám tử cánh sát với những vụ án đầu tiên trong sự nghiệp ở đội Nghệ thuật và Cổ vật'),
(17, 'Thạch Hầu', 800, '2022-08-08 00:00:00', ' Jeffery Deaver', 'https://307a0e78.vws.vegacdn.vn/view/v2/image/img.book/0/0/1/37793.jpg?v=1&w=340&h=497', 3, NULL, 'Một con thuyền chở những người vượt biên tiến vào hải phận nước Mỹ. Một cuộc truy quét của cơ quan hành pháp Hoa Kỳ khiến đám buôn người trở nên manh động. Quỷ - tên “xà thủ” khét tiếng tàn bạo quyết định ra tay với đám “khách hàng” của mình.'),
(18, 'Hát trong bão lửa', 600, '2022-11-22 00:00:00', 'Nguyễn Thanh Hương', 'https://307a0e78.vws.vegacdn.vn/view/v2/image/img.book/0/0/1/40796.jpg?v=1&w=340&h=497', 3, NULL, 'Cuốn tiểu thuyết viết về đội văn công xung kích mang tên "Hoa phong lan" và những câu chuyện của nhân vật "tôi" trong đội văn công.Trong kháng chiến chống Mỹ, đội văn công xung kích"Hoa phong lan" đã ra trận với những lời ca tiếng hát để động viên cán bộ, chiến sĩ đang đối mặt với kẻ thù ở dọc Trường Sơn, đường Hồ Chí Minh'),
(19, 'Sống mòn', 500, '2022-04-29 00:00:00', 'Nam Cao', 'https://307a0e78.vws.vegacdn.vn/view/v2/image/img.book/0/0/1/36416.jpg?v=1&w=340&h=497', 3, NULL, 'Có thể nói rằng cuốn tiểu thuyết này như là một lời tự sự đầy trăn trở và suy nghĩ của chính tác giả Nam Cao về cuộc sống đấu tranh tư tưởng và nội tâm của những người trí thức nghèo thời đó.'),
(20, 'Kẻ đoạt hồn', 700, '2021-05-14 00:00:00', 'Sebastian Fitzek', 'https://307a0e78.vws.vegacdn.vn/view/v2/image/img.book/0/0/0/31380.jpg?v=1&w=340&h=497', 3, NULL, 'Cuốn sách nói về: Một ông giáo sư mời các sinh viên của ông tham gia một thí nghiệm.Những người tham gia thí nghiệm cần phải đọc một tập hồ sơ bệnh án.Tập hồ sơ bệnh án này được viết giống như một quyển tiểu thuyết,thuật lại sự việc đã xảy ra tại một bệnh viện tâm thần trước đây.'),
(21, 'Tội ác vô hình', 800, '2022-09-07 00:00:00', 'Mạc Y Lai', 'https://307a0e78.vws.vegacdn.vn/view/v2/image/img.book/0/0/0/26650.jpg?v=1&w=340&h=497', 3, NULL, 'Kỷ Uyên, chàng cảnh sát có thành tích nghiệp vụ xuất sắc nhưng lại bị ám ảnh tâm lý hậu chấn thương, luôn lạnh lùng và né tránh việc hợp tác với đồng nghiệp.\r\nHạ Thanh, bông hoa vàng của đội hình sự Cục Cảnh sát thành phố W, từng vượt qua quá khứ đầy khủng hoảng và giờ đã trở thành một nữ cảnh sát tài sắc vẹn toàn.Hai người sẽ dùng phương pháp nào để có thể sát cánh bên nhau, phá giải những bài toán về tội ác vô hình đầy bí ẩn?'),
(22, 'Không thể quên em', 800, '2015-01-22 00:00:00', 'Hoa Thanh Thần', 'https://307a0e78.vws.vegacdn.vn/view/v2/image/img.book/0/0/0/3581.jpg?v=3&w=340&h=497', 3, NULL, 'Tang Du là một cô nữ sinh xinh đẹp.Thẩm Tiên Phi ngược lại, anh là một chàng trai nhà nghèo nhưng học rất giỏi, tính cách trầm tĩnh, lạnh nhạt, luôn tránh xa “con gái” và “yêu đương” Nếu không vì Thẩm Tiên Phi đã 2 lần cản trở “chuyện tốt” của Tang Du, thì oan gia đã không gặp nhau.'),
(23, 'Cửa tiệm hạnh phúc', 600, '2018-01-22 00:00:00', ' Lê Di', 'https://307a0e78.vws.vegacdn.vn/view/v2/image/img.book/0/0/0/17943.jpg?v=1&w=340&h=497', 3, NULL, 'Cửa tiệm hạnh phúc của Lê Di không phải là một cuốn sách bàn về hạnh phúc theo kiểu chuyên viên tư vấn hay triết gia mà bằng góc nhìn rất riêng của tác giả, một người trẻ thích rong chơi và cóp nhặt những điều nhỏ nhặt,bình dị trong cuộc sống'),
(24, 'Vắc-xin chán nản', 700, '2018-07-10 00:00:00', 'Lê Di', 'https://307a0e78.vws.vegacdn.vn/view/v2/image/img.book/0/0/0/19207.jpg?v=1&w=340&h=497', 3, NULL, 'Vắc-xin chán nản sẽ giúp chúng ta hiểu hơn về trạng thái cảm xúc tưởng chừng đáng ghét cay, tìm cách làm bạn với chán nản.Và tất nhiên khi đi qua những cơn chán nản, mình sẽ yêu hơn những ngày tháng hạnh phúc.'),
(25, 'Sức bật tinh thần', 900, '2021-08-06 00:00:00', 'Susan Kahn', 'https://307a0e78.vws.vegacdn.vn/view/v2/image/img.book/0/0/0/32638.jpg?v=1&w=340&h=497', 3, NULL, 'Trong Sức bật tinh thần tác giả đã định nghĩa Sức bật tinh thần chính là khả năng thích ứng và thay đổi, là tận dụng ngịch cảnh để mài giũa bản thân trở nên giỏi giang hơn, mạnh mẽ và linh hoạt hơn.'),
(26, 'Sức mạnh của tĩnh lặng', 800, '2021-05-15 00:00:00', 'Eckhart Tolle', 'https://307a0e78.vws.vegacdn.vn/view/v2/image/img.book/0/0/0/31386.jpg?v=1&w=340&h=497', 3, NULL, 'Đây là một cuốn sách hữu ích và thiết thực cho những ai muốn tiếp xúc với bản chất sâu lắng, trong sáng và chân thật trong con người mình.\r\nCuốn sách có thể giúp bạn vun bồi sự vững chải, khả năng trầm lắng ở tâm hồn bên ngoài đang xảy ra những biến động gì đi nữa.Sức mạnh của tĩnh lặng có thể giúp bạn vượt qua những tình huống thử thách trong đời sống cá nhân.'),
(27, 'Sức mạnh tình bạn', 700, '2017-07-24 00:00:00', 'Alan Loy Mcginnis', 'https://307a0e78.vws.vegacdn.vn/view/v2/image/img.book/0/0/0/16859.jpg?v=1&w=340&h=497', 3, NULL, 'Sức mạnh tình bạn được ra đời với mục đích giúp bạn có được những hiểu biết thiết thực nhất để sống gần gũi hơn với những người mình yêu quý. Nó cũng sẽ đóng vai trò là đòn bẩy, là động lực kích thích tính sáng tạo, xây dựng cuộc sống của chúng ta ngày một trọn vẹn và hạnh phúc hơn.'),
(28, 'Biến ước mơ thành hiện thực', 900, '2021-12-09 00:00:00', 'Pamala Oslie', 'https://307a0e78.vws.vegacdn.vn/view/v2/image/img.book/0/0/0/14775.jpg?v=1&w=340&h=497', 3, NULL, 'Cuốn sách này là nhằm giúp bạn đi tìm niềm tin cho mình và khám phá ảnh hưởng của niềm tin ấy đối với cuộc đời của bạn. Bạn sẽ học được cách loại bỏ những niềm tin tiêu cực được hình thành từ nỗi sợ hãi, tự ti bởi đó chính là nguyên nhân tạo nên những khó khăn, bất lợi cho cuộc sống.'),
(29, 'Đừng sợ lỡ cuộc chơi', 800, '2021-05-21 00:00:00', ' Patrick J. McGinnis', 'https://307a0e78.vws.vegacdn.vn/view/v2/image/img.book/0/0/0/31473.jpg?v=1&w=340&h=497', 3, NULL, 'Cuốn sách chứa đựng lược sử của FOMO, những phân tích chuyên sâu về FOMO dưới góc nhìn sinh học, văn hoá, công nghệ, hàng loạt các câu hỏi giúp bạn đọc tự đánh giá mức độ sợ bỏ lỡ của bản thân, và đặc biệt, cách ta có thể thoát khỏi nanh vuốt của FOMO.'),
(30, 'QBQ! Tư duy Thông minh', 700, '2021-12-09 00:00:00', 'John G. Miller', 'https://307a0e78.vws.vegacdn.vn/view/v2/image/img.book/0/0/0/15755.jpg?v=1&w=340&h=497', 3, NULL, 'QBQ! Tư duy Thông minh là một công cụ giúp bạn nhận diện giá trị thực sự của mình, dám nhìn thẳng vào trách nhiệm của bản thân từ trong suy nghĩ để vạch ra những phương hướng hành động thật thông minh. '),
(31, 'Sống ở thế chủ động', 700, '2018-06-25 00:00:00', 'Nguyễn Tuấn Quỳnh', 'https://307a0e78.vws.vegacdn.vn/view/v2/image/img.book/0/0/0/18871.jpg?v=1&w=340&h=497', 3, NULL, 'Cuốn sách này phản ánh suy nghĩ, những trăn trở, chia sẻ của tác giả với thế hệ trẻ thông qua những chuyến đi thú vị đến các nước trên thế giới và công việc kinh doanh mà tác giả yêu thích.'),
(32, 'Phi lý một cách hợp lý', 800, '2023-09-13 00:00:00', 'Dan Ariely', 'https://307a0e78.vws.vegacdn.vn/view/v2/image/img.book/0/0/0/14351.jpg?v=3&w=340&h=497', 3, NULL, 'Đã bao giờ bạn tự hỏi tại sao người ta muốn giảm cân nhưng lại thất bại trong kế hoạch ăn kiêng? Hay tại sao người ta lại vứt rác một cách vô ý thức ở nơi công cộng? Hoặc chỉ đơn giản là tại sao những chiếc tất của mình lại thường xuyên biến mất? Những câu hỏi tưởng chừng đơn giản nhưng lại không dễ trả lời chút nào đó chính là chủ đề của quyển sách Phi lý một cách hợp lý.'),
(33, 'Thuật nói chuyện hàng ngày', 800, '2019-09-04 00:00:00', 'Hoàng Xuân Việt', 'https://307a0e78.vws.vegacdn.vn/view/v2/image/img.book/0/0/0/22232.jpg?v=1&w=340&h=497', 3, NULL, 'Cuốn sách giúp người đọc hiểu rộng hơn về nghệ thuật nói chuyện, đặc biệt là những đức tính cần có, cần được rèn luyện để thành người có nhân cách, có sức thuyết phục trong việc nói chuyện, giao tiếp hằng ngày.'),
(34, 'Logic của tâm trí', 700, '2023-04-21 00:00:00', 'Michael Lewis', 'https://307a0e78.vws.vegacdn.vn/view/v2/image/img.book/0/0/1/44069.jpg?v=1&w=340&h=497', 3, NULL, 'Cuốn sách là câu chuyện về tình bạn của hai nhà tâm lý học nổi tiếng cùng hành trình khám phá, lý giải tâm lý con người của đôi bạn này.Trước đây các nhà khoa học đều coi con người là những người có lý trí có khả năng sử dụng dữ liệu cứng để đưa ra quyết định không ảnh hưởng cảm xúc. Song đôi bạn đã chứng minh rằng điều chúng ta vẫn tin thực chất lại trái ngược.'),
(35, 'Những cánh cổng kỳ bí', 99, '2021-07-07 00:00:00', 'Đông Thảo', 'https://307a0e78.vws.vegacdn.vn/view/v2/image/img.book/0/0/0/32185.jpg?v=1&w=340&h=497', 3, NULL, 'Tồn tại song song với thế giới khách quan là thế giới những Cánh Cổng được tạo nên nhờ trí tưởng tượng của những cô cậu mang trong mình chất Kim để trở thành một Chìa Khóa Vạn Năng.\r\nCô bé Vỹ - mười ba tuổi – làm bạn với một chú cá tên Cục Than biết nói tiếng người. Vào ngày Cục Than trở thành người, cô bé Vỹ khám phá ra được khả năng đặc biệt của mình, khi bản thân cũng là một Chìa Khóa non, đang trong quá trình trở thành Chìa Khóa Vạn Năng – người có khả năng mở tất cả các Cánh Cổng và bước vào thế giới tưởng tượng đó.\r\nTừ lúc đó, hành trình chống lại âm mưu phá hủy thế giới Cánh Cổng của Tiểu Ly – người yêu của anh trai Vỹ, chị gái của Cục Than được bắt đầu. Để thực hiện được âm mưu của mình, Tiểu Ly cần bắt được 99 tiểu Tinh linh, trong đó có em gái mình – Bé Bụt và thực hiện suy tính của mình vào mười hai giờ trưa Noel. Sau quá trình này, thế giới sẽ bị hủy diệt, một trong các tiểu Tinh linh sẽ phải tan biến. Nhóm bạn của Vỹ và Cục Than ra sức bảo vệ Bé Bụt và chống lại Tiểu Ly. Cuối cùng, cách thức họ chọn chính là để Vỹ hoán đổi thân xác với Bé Bụt. Ngay lúc hoán đổi thành công, âm mưu của Tiểu Ly bị sụp đổ, cũng chính là lúc Vỹ tan biến. Mãi mãi …'),
(36, 'Đàn ông sao Hỏa, đàn bà sao Kim - Hạnh phúc bên nhau', 800, '2021-06-05 00:00:00', 'John Gray', 'https://307a0e78.vws.vegacdn.vn/view/v2/image/img.book/0/0/0/31671.jpg?v=1&w=340&h=497', 3, NULL, 'Đàn Ông Sao Hỏa, Đàn Bà Sao Kim - Hạnh Phúc Bên Nhau chỉ ra những nguyên nhân dẫn đến xung đột trong hôn nhân, đồng thời giúp bạn có thêm nhiều kỹ năng mới trong việc giữ gìn và vun đắp hạnh phúc gia đình.'),
(37, 'Tư duy biện luận - Nghĩ hay hơn hay nghĩ', 800, '2019-10-15 00:00:00', 'Đỗ Thị Diệu Ngọc', 'https://307a0e78.vws.vegacdn.vn/view/v2/image/img.book/0/0/0/24034.jpg?v=1&w=340&h=497', 3, NULL, 'Những nội dung trình bày trong cuốn sách sẽ đưa bạn đi từ những khái niệm cơ bản nhất, khám phá dòng chảy tư duy từ cổ đại với tam đại triết gia Plato, Socrates, Aristotle đến hiện đại với “bậc thầy của tư duy sáng tạo” – Bono, sau đó tìm hiểu những yếu tố căn bản của lập luận và những lỗi ngụy biện phổ biến.'),
(38, 'Nghệ thuật đánh cắp ý tưởng', 789, '2021-08-20 00:00:00', 'Austin Kleon', 'https://307a0e78.vws.vegacdn.vn/view/v2/image/img.book/0/0/0/32764.jpg?v=1&w=340&h=497', 3, NULL, 'Cuốn sách gửi tới chúng ta thông điệp: thực tế là không có thứ gì trên đời là nguyên bản. Vậy nên hãy học hỏi từ các tác phẩm của người khác, phối lại, mường tượng lại và khám phá ra trên con đường riêng của bạn. Hãy cứ dành thời gian cho những việc bạn thích làm, đôi khi những điều ban đầu chỉ là sở thích lại trở thành công việc bạn sẽ đeo đuổi suốt đời.'),
(39, 'Thông minh hơn, nhanh hơn, giỏi hơn', 870, '2023-08-16 00:00:00', 'Charles Duhigg', 'https://307a0e78.vws.vegacdn.vn/view/v2/image/img.book/0/0/0/16299.jpg?v=2&w=340&h=497', 3, NULL, 'Thông minh hơn, nhanh hơn, giỏi hơn là kết quả nghiên cứu của Charles Duhigg về cơ chế hoạt động của năng suất và nỗ lực để tìm hiểu lý do vì sao một số cá nhân và doanh nghiệp lại đạt được năng suất cao hơn những cá nhân và doanh nghiệp khác rất nhiều.'),
(40, 'Không gì là không thể', 400, '2021-01-22 00:00:00', 'George Matthew Adams', 'https://307a0e78.vws.vegacdn.vn/view/v2/image/img.book/0/0/0/29496.jpg?v=1&w=340&h=497', 3, NULL, 'Không gì là không thể của George Matthew Adams đã dần trở thành người bạn đồng hành thân thiết của rất nhiều người. Những triết lý đơn giản nhưng vô cùng sâu sắc và hữu dụng trong cuốn sách đã giúp rất nhiều người đạt được thành công như họ mong đợi. Đến với những bí quyết này, bạn sẽ nhận ra rằng: Không có giới hạn nào trong tư duy của con người ngoài những giới hạn do chính con người đặt ra.'),
(41, 'Bí quyết trở thành người xuất sắc', 900, '2021-01-22 00:00:00', ' Ken Honda', 'https://307a0e78.vws.vegacdn.vn/view/v2/image/img.book/0/0/0/18884.jpg?v=1&w=340&h=497', 3, NULL, 'Năng khiếu thường được phát hiện một cách ngẫu nhiên khi người ta bắt đầu một lối sống khác với lối sống ở trước thời điểm đó. Nói cách khác, năng khiếu chủ yếu được phát hiện khi xảy ra những biến cố quan trọng trong đời. '),
(42, 'Khởi nghiệp táo bạo', 100, '2022-12-29 00:00:00', ' Steven Kotler', 'https://307a0e78.vws.vegacdn.vn/view/v2/image/img.book/0/0/1/42194.jpg?v=1&w=340&h=497', 3, NULL, 'Cuốn sách sẽ trang bị cho bạn những công cụ thiết thực từng giúp các bậc thầy công nghệ như Larry Page, Elon Musk, Richard Branson, Jeff Bezos thành công, cùng những bí quyết khởi nghiệp của chính tác giả qua kinh nghiệm thành lập 17 công ty.'),
(44, 'Vua mua sắm tam giới', 80, '2022-12-29 00:00:00', 'Mộc Tử Hạc', 'https://307a0e78.vws.vegacdn.vn/view/v2/image/img.book/0/0/0/23799.jpg?v=2&w=340&h=497', 3, NULL, 'Sinh viên học viện Hoa Hạ Lý Hạo bỗng dưng bị bạn gái đá. Vì sao? Vì cậu chỉ là chàng trai nghèo, bán hàng online, bán những món mỹ phẩm bình thường, không được như người ta đi siêu xe, mua đồ hiệu. Thế rồi bỗng dưng, Hạo Tử phát hiện ra điện thoại mình kết nối được với... Hằng Nga ở cung trăng. Hằng Nga mua hàng cho cậu xong còn quay lại, giới thiệu cho cậu thêm mối khác.\r\nNhờ có những vụ trao đổi mua bán với người của Thiên giới, Minh giới mà Lý Hạo có thể mua về bí kíp võ công, thuốc quý, những kiến thức Trung y cao thâm. Cũng từ đó, cậu được bao người đẹp vây quanh, được bạn học ngưỡng mộ.\r\nCông ty đa quốc gia có là gì? Lý Hạo cậu đây bán hàng xuyên tam giới!'),
(45, 'Lời nguyền bất tử', 410, '2019-08-08 00:00:00', 'Mộc Tử Hạ', 'https://307a0e78.vws.vegacdn.vn/view/v2/image/img.book/0/0/0/23607.jpg?v=1&w=340&h=497', 3, NULL, 'Những đứa trẻ mồ côi vẫn luôn ngây thơ nghĩ rằng, đó là ơn, là ân tình. Chúng không thể biết, mọi thứ thực chất chỉ là một trò lừa, từ kẻ có suy nghĩ điên khùng muốn lập lại trật tự thế giới.\r\nGemma - hậu duệ của tộc người rắn Medaras - mang sức mạnh phi thường và gánh trách nhiệm nặng nề, đôi khi tưởng như quá sức.\r\nP.T - người bột không nhớ được quá khứ, chấp nhận sống giản đơn như một phiên bản lỗi của cuộc đời - rồi phải trở thành mạnh mẽ để lựa chọn con đường mình nên đi.\r\nP.T, Gemma và những người bạn khác có đủ sức chiến đấu để chống lại người mà mình từng mang ơn? Họ sẽ trở thành chiến binh đứng về phía chính nghĩa; hay buông xuôi và chấp nhận trở thành những cỗ máy giết người vô cảm?\r\nWaka trân trọng giới thiệu tác phẩm Lời nguyền bất tử - Tập 1: Những đứa trẻ Corun của Nhóm 4.0.'),
(46, 'Bãi săn', 210, '2019-03-29 00:00:00', 'Nguyễn Đình Tú', 'https://307a0e78.vws.vegacdn.vn/view/v2/image/img.book/0/0/0/22182.jpg?v=1&w=340&h=497', 3, NULL, 'Bãi săn là câu chuyện về trận chiến truyền kiếp giữa người Vượn và các tộc người thú còn lại trên Trái Đất, giữa những thợ săn và những con mồi trên bãi săn vô hình cùng hành trình khám phá của nhóm bạn trẻ về bí mật của Không Lộ viện. Truyện mang màu sắc huyền sử, thần học, gắn liền với giai đoạn lịch sử thời nhà Lý.'),
(47, 'Những màu cánh thiên thần', 210, '2019-01-16 00:00:00', 'Trương Thanh Thùy', 'https://307a0e78.vws.vegacdn.vn/view/v2/image/img.book/0/0/0/21233.jpg?v=1&w=340&h=497', 3, NULL, 'Thiên thần cánh trắng với sứ mệnh giữ nụ cười và niềm vui cho con người, thiên thần cánh tím với sứ mệnh giữ đam mê và hạnh phúc cho con người, thiên thần cánh đen với sứ mệnh giữ niềm tin và sức mạnh ý chí cho con người. Chính Lâm, Tùng và Phàm sẽ là những thiên thần huynh trưởng phải gánh vác nhiệm vụ lớn lao đó. Họ là những thiên thần được chọn.\r\nTrên chiến trường ngổn ngang xác quỷ sứ, những thiên thần cũng đã nhuộm đỏ đôi cánh của mình. Nhưng quỷ sứ thì càng lúc lại càng đông lên, còn thiên thần thì mỗi lúc một thêm mệt mỏi. Trời đã về chiều, ánh mặt trời như máu loang dài trên khung cảnh chết chóc; tiếng gào rú, gầm gừ vẫn rúng động cả bầu trời.\r\nNhững người xứng đáng chứng kiến cuộc chiến đã kể lại cho con cháu họ sau này rằng đó là chiến trường khốc liệt nhất, dữ dội nhất, kinh sợ nhất…'),
(48, 'Lời nguyền bất tử', 410, '2019-08-08 00:00:00', 'Mộc Tử Hạ', 'https://307a0e78.vws.vegacdn.vn/view/v2/image/img.book/0/0/0/23607.jpg?v=1&w=340&h=497', 3, NULL, 'uộc chiến đầu tiên kể về những cuộc phiêu lưu của Helena'),
(49, 'Kết giới', 344, '2019-09-20 00:00:00', 'Mộc Tử Hạ', 'https://307a0e78.vws.vegacdn.vn/view/v2/image/img.book/0/0/0/19904.jpg?v=3&w=340&h=497', 3, NULL, 'Cuộc chiến đầu tiên kể về những cuộc phiêu lưu của Helena - một chiến binh xinh đẹp, quả cảm; và Jade - người bạn thân của cô, một chàng trai mãi trong hình hài đứa trẻ 13 tuổi.\r\nHai người bạn cùng được Dmitri - thủ lĩnh đội Vệ Nhân - nhận nuôi khi còn nhỏ. Cả hai không nhớ gì về quãng thời gian trước khi được Dmitri nhận nuôi; vì thế trong lòng họ luôn canh cánh nỗi khát khao tìm kiếm sự thật về thân thế, trả lời câu hỏi mình là ai, từ đâu tới...\r\nSau cái chết của thầy Dmitri và sau sự cố trong một nhiệm vụ khi Helena là thủ lĩnh đội săn Rồng, cô quyết định rời khỏi đội Vệ Nhân, cùng Jade phiêu bạt giang hồ, sống cuộc đời của một thợ săn tiền thưởng. Họ đã cùng nhau trải qua những cuộc phiêu lưu kỳ thú.'),
(50, 'Bách luyện thành thần', 454, '2018-05-02 00:00:00', ' Ân Tứ Giải Thoát', 'https://307a0e78.vws.vegacdn.vn/view/v2/image/img.book/0/0/0/18587.jpg?v=2&w=340&h=497', 3, NULL, 'La Chinh - thiếu gia của gia tộc họ La, bởi vì phụ thân bị sát hại trong cuộc nội loạn gia tộc mà bị biến làm nô, trở thành "bia thịt" cho các thành viên khác trong gia tộc luyện tập. Trong lúc vô ý, hắn thu được một tấm thiếp vàng và từ đó đạt được luyện thể thần pháp - Thái Thượng Luyện Khí Pháp, đem chính mình luyện thành Khí Giới. Cuộc sống bị đánh đấm không ngừng khiến tu vi hắn nhanh chóng tăng mạnh, từ đó thoát khỏi sự trói buộc của La gia và đi lên con đường báo thù.\r\nLa Chinh - thiên kiêu từ chiến trường mộng ảo cho tới hiện thực tàn khốc.\r\nBách luyện thành thần là hành trình từ một nô bộc của một gia tộc nho nhỏ ở Đông Vực đến thiên tài tuyệt thế được vạn người ngưỡng mộ của Thượng Giới.\r\nHuyền cơ của thiên đạo, bí ẩn của Cửu Long trong Thần Hỏa Đỉnh, hay là bí mật của Tiên Phủ, thậm chí là lý do mà La Yên - muội muội của La Chinh rời đi cũng là kế hoạch của phụ thân hắn bày bố ra.'),
(51, 'Percy Jackson ', 342, '2017-09-15 00:00:00', 'Rick Riordan', 'https://307a0e78.vws.vegacdn.vn/view/v2/image/img.book/0/0/0/17235.jpg?v=2&w=340&h=497', 3, NULL, 'Các á thần đã chuẩn bị cho cuộc chiến chống lại các thần Titan trong suốt năm qua, biết rằng lợi thế chiến thắng là rất mong manh. Quân đội của Kronos mạnh mẽ hơn bao giờ hết, và cứ mỗi vị thần hay á thần gia nhập vào đội ngũ của hắn, sức mạnh của tên Titan ma quỷ đó lại lớn thêm lên.'),
(52, 'Cậu bé học việc và thầy trừ tà', 410, '2019-09-15 00:00:00', 'Joseph Delaney', 'https://307a0e78.vws.vegacdn.vn/view/v2/image/img.book/0/0/0/17234.jpg?v=1&w=340&h=497', 3, NULL, 'Khi thời tiết trở lạnh và đêm ngày càng dài, thầy trừ tà và người học việc của ông, Tom Ward mỗi lúc một thận trọng hơn trong cuộc chiến chống lại các ông kẹ, phù thủy và các hồn ma đang lang thang khắp Hạt. Khi họ đón một vị khách không mời mà đến, thầy trừ tà quyết định giờ là lúc đi đến căn nhà mùa đông ở Anglezarke. Đó là một nơi lạnh lẽo, nguy hiểm, đầy rẫy phù thủy và các bí mật. Tom nghe được các tin đồn về những sinh vật bóng tối đang rục rịch trong các đồng hoang gần đó, bao gồm cả vị Cổ Thần hiểm ác được gọi là Golgoth.\r\nVị khách bí ẩn đó là ai? Người đó muốn gì?\r\nLiệu quá khứ của Thầy Trừ Tà có gây nguy hại gì cho ông không?\r\nVà liệu Tom có sẵn sàng đối mặt với những nguy hiểm nếu như các bí mật của thầy cậu bị tiết lộ không?'),
(53, 'Series các anh hùng của đỉnh Olympus', 343, '2017-09-15 00:00:00', 'Rick Riordan', 'https://307a0e78.vws.vegacdn.vn/view/v2/image/img.book/0/0/0/17232.jpg?v=1&w=340&h=497', 3, NULL, 'Bắt đầu từ một trại “khác” dành cho các con lai và kéo dài đến tận vùng đất ngoài tầm kiểm soát của các vị thần, phần 2 giới thiệu cho độc giả các á thần mới, hồi sinh các con quái vật đáng sợ nhất và khắc họa các sinh vật đặc biệt. Tất cả được xác định sẽ đóng một vai trò nào đó trong Lời Tiên Tri về Nhóm Bảy.\r\nPERCY BỐI RỐI. Khi cậu tỉnh dậy sau một giấc ngủ dài, cậu không biết bất cứ điều gì ngoài tên của cậu. Bộ não xoắn tít của cậu chỉ còn lại một ít, ngay cả sau khi con sói cái Lupa nói rằng cậu là một á thần và huấn luyện cậu cách chiến đấu với cây bút/thanh kiếm trong túi quần cậu. Dẫu sao cậu cũng đã đến được trại dành cho các con lai, mặc dù cậu phải tiếp tục giết các con quái vật không chết đang quấy rầy cậu trên đường đi. Nhưng trại cũng chẳng gợi cho cậu chút quen thuộc nào. Điều duy nhất cậu có thể nhớ lại từ quá khứ của mình là một cái tên khác: Annabeth.\r\nHAZEL ĐƯỢC CHO RẰNG LÀ ĐÃ CHẾT. Khi cô còn sống trước đây, cô đã làm sai một điều. Dĩ nhiên, cô là một cô con gái biết nghe lời, ngay cả khi mẹ cô bị ám ảnh bởi tham lam.  Nhưng đó là vấn đề - khi Giọng Nói chiếm lấy cơ thể mẹ cô và ra lệnh cho Hazel sử dụng “quà tặng” của cô với mục đích xấu xa, Hazel không thể nói không với bà. Giờ, vì sai lầm của cô, tương lai của thế giới đang gặp phải nguy hiểm. Hazel ước gì cô có thể chạy trốn tất cả chuyện đó trên con ngựa xuất hiện trong các giấc mơ của cô.'),
(54, 'Cậu bé học việc và thầy trừ tà', 657, '2017-09-13 00:00:00', 'Joseph Delaney', 'https://307a0e78.vws.vegacdn.vn/view/v2/image/img.book/0/0/0/17249.jpg?v=1&w=340&h=497', 3, NULL, 'Công việc của Thầy Trừ Tà và người học việc của ông, Thomas Ward, là bảo vệ Hạt khỏi thế lực bóng tối.\r\nHọ cùng nhau loại bỏ phù thủy, hồn ma, và các ông kẹ ra khỏi Hạt. Nhưng giờ có một vài việc chưa được giải quyết ở Priestown.\r\nỞ sâu bên dưới các hầm mộ của nhà thờ ẩn nấp một sinh vật mà Thầy Trừ Tà sẽ không bao giờ đánh bại được; một thế lực độc ác đến nỗi toàn bộ Hạt đang gặp nguy hiểm. Quỷ Độc.\r\nKhi Thomas và Thầy Trừ Tà chuẩn bị cho cuộc chiến sống còn, thì sự việc trở nên rõ ràng rằng Quỷ Độc không chỉ là kẻ thù duy nhất của họ. Phán quan xuất hiện, tìm kiếm những ai có liên quan đến bóng tối để bỏ tù họ - hay tệ hơn thế.\r\nLiệu một mình Thomas có thể đánh bại Quỷ Độc không? Liệu cô bạn Alice của cậu có cảm thấy sai trái khi sử dụng phép hiệp thần không? Và liệu Thầy Trừ Tà có thể thoát khỏi nanh vuốt của tên Pháp quan hay không?'),
(55, 'Khởi đầu từ cái chết', 353, '2022-03-22 00:00:00', 'Diana Rowland', 'https://307a0e78.vws.vegacdn.vn/view/v2/image/img.book/0/0/0/15851.jpg?v=1&w=340&h=497', 3, NULL, 'Khởi đầu từ cái chết - Angel Crawford là một nhân vật cá biệt và nổi loạn. Cô nghiện bia rượu, các loại thuốc hỗ trợ và thay công việc như thay áo vì tính khí bất thường cùng thái độ làm việc thiếu nghiêm túc. Mẹ Angel mất sớm và cô sống cùng ông bố nghiện ngập bất cần đời. Ngoài ra, Angel còn có cậu bạn trai sống trong ngôi nhà lưu động và sửa ô tô để kiếm sống, cũng là dân nghiện thuốc và cần sa giống như cô.\r\nSau một đêm phê rượu và thuốc ở quán bar quen thuộc, Angel tỉnh dậy trong bệnh viện với những ký ức máu me ghê rợn về một tai nạn giao thông thảm khốc đã xảy ra với mình vào đêm hôm trước. Tuy vậy, ngoài việc không còn mảnh quần áo nào trên người thì cô lại không hề có một vết xây xước. Báo cáo của bệnh viện cho thấy cô đã bị sốc vì dùng thuốc quá liều. Angel rời khỏi bệnh viện cùng một lá thư sắp xếp công ăn việc làm mà một kẻ nặc danh đã để lại cho cô.'),
(56, 'Sự thật về hòn đá phù thủy', 695, '2021-12-09 00:00:00', 'Alan Skinner', 'https://307a0e78.vws.vegacdn.vn/view/v2/image/img.book/0/0/0/14993.jpg?v=1&w=340&h=4977', 3, NULL, '“Sự thật về hòn đá phù thủy” là quyển đầu tiên trong bộ truyện “Đất, không khí, lửa và nước” của nhà văn người Anh Alan Skinner viết năm 2010. Đây là câu chuyện về thời kỳ xa xưa khi một cô gái trẻ tài năng, dũng cảm, thông minh đã làm đảo lộn cả thế giới.\r\nChưa tròn mười lăm tuổi, Jenny Swift đã bị một người đàn ông xa lạ mang khỏi tổ ấm thân yêu của mình. Richard Antrobus, nhà giả kim lỗi lạc nhất thế giới đã chọn cô, một bé gái mang dòng máu lai làm người học việc. Khi vừa đến thành Vale tráng lệ, Jenny phải đối mặt với sự giết chóc, âm mưu và phản bội. Để cứu lấy mạng sống của những người thân yêu, Jenny phải khám phá ra những kỹ năng mà cô chưa bao giờ tưởng tượng là mình có được. Để sống sót, cô phải vực dậy lòng can đảm dường như vô biên...'),
(57, 'Series Vũ khí bóng đêm', 434, '2016-04-11 00:00:00', 'Mộc Tử Hạ', 'https://307a0e78.vws.vegacdn.vn/view/v2/image/img.book/0/0/0/11995.jpg?v=1&w=340&h=497', 3, NULL, 'Tóm tắt nội dung sách  “Series Vũ Khí Bóng Đêm - Phần 4: Thiên Thần Sa Ngã”.\r\nCuốn sách thứ tư trong bộ ba “Vũ Khí Bóng Đêm” đầy kịch tính, “Thiên Thần Sa Ngã” là một câu chuyện lý thú của tác giả ăn khách Cassandra Clare.\r\nCuộc chiến Bóng Đêm đã kết thúc và cô gái mười sáu tuổi Clary Fray trở về New York, hào hứng chào đón tương lai. Cô đang được huấn luyện để trở thành Thợ Săn Bóng Tối và để sử dụng quyền năng độc nhất của mình. Mẹ cô sắp kết hôn với tình yêu của đời mình. Cư dân Thế Giới Ngầm và Thợ Săn Bóng Tối cuối cùng cũng chung sống hòa bình. Và quan trọng nhất là, cuối cùng cô cũng được gọi Jace là bạn trai mình.\r\nNhưng cái gì cũng có giá của nó. Có kẻ ra tay giết hại các Thợ Săn Bóng Tối, gây ra mối hiềm khích có thể dẫn tới cuộc chiến đẫm máu nữa giữa Thợ Săn Bóng Tối và Thế Giới Ngầm. Bạn thân của Clary, Simon, không thể giúp cô vì mẹ cậu vừa phát hiện ra cậu là ma cà rồng, và giờ cậu thành kẻ tứ cố vô thân. Khi Jace bắt đầu tránh né Clary mà không nói rõ lí do, cô buộc phải dốc lòng điều tra một bí ẩn. Nhưng sự thật ẩn sau đó lại là cơn ác mộng lớn nhất đời cô: chính cô đã bắt đầu một chuỗi sự kiện có thể khiến cô mất đi mọi thứ mình yêu thương. Kể cả Jace.\r\nMọi sự hấp dẫn hơn bao giờ hết trong phần bốn series ăn khách nhất của New York Times - Vũ khí Bóng Đêm.'),
(58, 'Chúng ta cách nhau một bước chân', 343, '2023-11-17 00:00:00', 'Tùng Lê', 'https://307a0e78.vws.vegacdn.vn/view/v2/image/img.book/0/0/1/46738.jpg?v=1&w=340&h=497', 3, NULL, '“Đau khổ nhất không phải là mất đi người mình yêu thương, mà là phải quên đi họ, phải không!”\r\n“Chúng ta không chết. Chỉ là lần này, chúng ta sống mãi trong nhau.\r\nChúng ta cách nhau một bước chân gửi gắm đến độc giả thông điệp về gia đình, tình yêu, hạnh phúc đôi lứa, xen lẫn sự mất mát và hi sinh của cha mẹ dành cho con cái.\r\nMời các bạn đón đọc tiểu thuyết Chúng ta cách nhau một bước chân của tác giả Tùng Lê.'),
(59, 'Rẽ dòng đời chọn lấy một người thương', 4564, '2023-11-17 00:00:00', 'Lê Hoàng San', 'https://307a0e78.vws.vegacdn.vn/view/v2/image/img.book/0/0/1/46741.jpg?v=1&w=340&h=497', 3, NULL, '"Yêu thương xa, yêu thương gần…\r\nCuộc đời luôn có những mối nhân duyên rất lạ, nhưng người ta chấp nhận ở bên nhau không phải vì để trả nợ mà là để cùng nhau đi tiếp những con đường chông gai ở phía trước kia. Không cần một danh nghĩa mà chỉ cần một tấm chân tình là đủ.\r\nYêu thương sẽ có lúc đánh mất khi con người ta chưa kịp cảm nhận, nhưng nó vẫn còn mãi đó đợi đến ngày chúng ta tìm ra và nắm lấy. Nỗi đau dù sâu đến cỡ nào cũng có lúc nguôi ngoai, nó sẽ là bàn đạp để chúng ta bước đi và mở một cánh cửa mới, vì chưa biết bên trong cánh cửa đó đang chờ đợi chúng ta điều gì, một cuộc sống bình an, một mái ấm hay những niềm vui mới.\r\nYêu thương sẽ trở về chỉ cần ta sẵn sàng để đón nhận."'),
(60, 'Một người sợ cô đơn, hai người sợ phụ lòng', 696, '2023-11-01 00:00:00', 'Vương Thần', 'https://307a0e78.vws.vegacdn.vn/view/v2/image/img.book/0/0/1/46585.jpg?v=3&w=340&h=497', 3, NULL, '“Một người sợ cô đơn, hai người sợ phụ lòng” là một cuốn sách viết về những câu chuyện chữa lành tình cảm, bao gồm ba mươi câu chuyện tình cảm chạm đến tâm hồn người đọc với ba chủ đề chính được chia theo thứ tự lần lượt là “Tôi yêu rồi”, “Muốn chia tay” và “Anh quên rồi sao?”\r\nCuốn sách giãi bày hết mọi tâm tư trong chuyện tình cảm từ khởi đầu, diễn biến cho đến kết thúc. Kể hết những điều riêng tư thầm kín trong chuyện tình cảm cũng như niềm vui, hoan lạc, cuồng hoan chốn phàm trần, cũng kể hết những nỗi niềm, kể hết những tâm tư tình cảm con người và những cuộc đời bị vùi dập, những niềm vui và cả đau thương.'),
(61, 'Mật thất của mười triệu người', 789, '2023-10-30 00:00:00', 'Sái Tuấn', 'https://307a0e78.vws.vegacdn.vn/view/v2/image/img.book/0/0/1/46549.jpg?v=1&w=340&h=497', 3, NULL, 'Cuốn tiểu thuyết mới dài 44 chương của nhà văn Sái Tuấn, với ba vụ giết người nối nhau, đan cài vào nhau, móc nối lẫn nhau, nó không chỉ có thủ đoạn tinh ranh của kẻ sát nhân mà còn có khả năng lập luận phi thường của nhân vật chính trong vai trò “điều tra viên” cũng như lối hành động đầy bất ngờ và quyết liệt của cảnh sát hình sự.\r\n“Điều tra viên” Lôi Vũ là sinh viên ưu tú của chuyên ngành trinh sát hình sự và có mối ân oán với cảnh sát. Là “con trai của tội phạm giết người”, nội tâm Lôi Vũ tràn đầy mâu thuẫn, đi giữa lằn ranh trắng đen, vừa giúp đỡ người tốt, vừa răn đe kẻ ác. '),
(62, 'Ảo ảnh và Ảo mộng', 343, '2023-10-19 00:00:00', 'Nhật Lan', 'https://307a0e78.vws.vegacdn.vn/view/v2/image/img.book/0/0/1/46432.jpg?v=1&w=340&h=497', 3, NULL, '"Sẽ thế nào nếu cuộc sống trôi qua mà không có bất cứ điều hoang đường nào?".\r\nTiểu thuyết Ảo ảnh và Ảo mộng gồm 2 phần truyện là "Ảo ảnh vĩnh hằng" và "Ảo mộng hoa hồng", tên tiếng Anh là Illusion & Reverie.\r\nMời các bạn đón đọc!'),
(63, 'Mất hồn', 594, '2023-10-19 00:00:00', 'Nhật Lan', 'https://307a0e78.vws.vegacdn.vn/view/v2/image/img.book/0/0/1/46429.jpg?v=1&w=340&h=497', 3, NULL, 'Bộ truyện ngắn "Mất Hồn" (Bedeviledment), gồm 5 truyện ngắn với chủ đề "Nỗi buồn là một thứ gây nghiện".'),
(65, 'Người thích chuyên án hạn định', 686, '2023-10-16 00:00:00', 'Hoàn Chỉ', 'https://307a0e78.vws.vegacdn.vn/view/v2/image/img.book/0/0/1/46387.jpg?v=5&w=340&h=497', 3, NULL, 'Mới đây, thành phố B mới xảy ra một vụ án tính chất rất ác liệt: Một phụ nữ sống một mình đã bị giết và bị mổ bụng một cách hết sức dã man. Khám nghiệm pháp y cho thấy người phụ nữ này là một thai phụ đã bị người ta mổ bụng để lấy con ra, cục công an thành phố liền lập đội chuyên án để phá án, tổ chuyên án cũng mời về một vị chuyên gia pháp y kĩ thuật số (Information Forensics) tiếng tăm để giúp phân tích dữ liệu pháp y nhằm giúp việc phá án. Đúng lúc đội chuyên án chuẩn bị giải tán thì lại xảy ra vụ án giấu xác trong kho lạnh và trà sữa mắt người, đội chuyên án chuyển thành tổ chuyên án chuyên điều tra những vụ án có tính chất ác liệt…\r\nCác vụ án không ngừng xảy ra, trò chơi cân não giữa tổ chuyên án và các nghi phạm chính thức bắt đầu…'),
(66, 'Kẻ bất tử', 585, '2023-10-10 00:00:00', 'Vu Lôi', 'https://307a0e78.vws.vegacdn.vn/view/v2/image/img.book/0/0/1/46333.jpg?v=2&w=340&h=497', 3, NULL, 'Một sáng nọ, Chu Đồng vô tình nhận được một thi thể có nhiều điểm khác lạ, mức độ phân hủy của phần đầu và những phần còn lại hoàn toàn khác nhau. Trong khi cảnh sát đang mở cuộc điều tra, tổng giám đốc công ty Sinh vật Thiên Hợp là Viên Tử Kì lại tìm đến Chu Đồng, nhờ Chu Đồng điều tra giúp chân tướng việc đội thám hiểm của công ty gặp nạn cách đấy không lâu.\r\nCùng lúc đó, trong thành phố liên tiếp xảy ra hàng loạt vụ giết người, hiện trường xảy ra vừa tàn bạo vừa quái dị. Thâm nhập điều tra, Chu Đồng phát hiện các vụ án đều liên quan đến đội thám hiểm gặp nạn. Mà chìa khóa để mở ra tất cả lại nằm ở một nơi vô danh cách xa mấy nghìn dặm.\r\nKế hoạch trả thù được mưu toan suốt mười mấy năm dần dần nổi lên, cuộc đấu tranh của tính người bắt đầu bước vào cao trào.'),
(67, 'It ends with us', 869, '2023-10-10 00:00:00', 'Tùng Lê', 'https://307a0e78.vws.vegacdn.vn/view/v2/image/img.book/0/0/1/46738.jpg?v=1&w=340&h=497', 3, NULL, '“It ends with us” là một cuốn tiểu thuyết lãng mạn của Colleen Hoover, là cuốn tiểu thuyết để lại sự day dứt trong lòng bạn đọc. Tính đến năm 2019, cuốn tiểu thuyết đã bán được hơn một triệu bản trên toàn thế giới và được dịch sang hơn 20 thứ tiếng. Với giải thưởng Goodreads Choice Award vào năm 2016, “It ends with us” nhận được khá nhiều lời khen ngợi và số điểm lên tới 4.5/5 trên mạng xã hội dành cho mọt sách.\r\nTại sao “It ends with us” lại đặc biệt đến vậy?'),
(68, 'Này thơ dại, bước chậm lại đi!', 545, '2023-09-29 00:00:00', 'Tùng Lê', 'https://307a0e78.vws.vegacdn.vn/view/v2/image/img.book/0/0/1/46201.jpg?v=1&w=340&h=497', 3, NULL, '“Này thơ dại, bước chậm lại đi!” là cuốn sách không chỉ đem đến cho độc giả nhí những trò nghịch ngợm hồn nhiên, tinh nghịch mà còn gợi lại kỷ niệm cho những độc giả đã qua rồi một thời “chăn trâu, cắt cỏ”…'),
(70, 'Méo', 979, '2023-09-19 00:00:00', 'Tiên Sắc Xám', 'https://307a0e78.vws.vegacdn.vn/view/v2/image/img.book/0/0/1/46099.jpg?v=3&w=340&h=497', 3, NULL, 'MÉO là một thế giới bí ẩn mà loài người chỉ biết qua những câu chuyện kể hay cổ tích gối đầu giường. Một thế giới của phù thủy, ma cà rồng, người lùn…\r\nChuyện kể rằng, sâu tận trong Khu Rừng Tăm Tối, nơi tòa lâu đài Val’ein tọa lạc có một mụ phù thủy mù với quyền năng tối thượng.\r\nNgươi cần gì nào?'),
(71, 'a', 12, '2023-12-05 09:50:56', 'a', 'https://firebasestorage.googleapis.com/v0/b/bookproject-70431.appspot.com/o/files%2FScreenshot%202023-07-22%20095054.png?alt=media&token=a4200ab7-b1cd-4796-9d27-8c46f8204d0e', 13, NULL, 'a');

-- 
-- Dumping data for table role
--
INSERT INTO role VALUES
(1, 'ROLE_USER'),
(2, 'ROLE_AUTHOR'),
(3, 'ROLE_ADMIN');

-- 
-- Dumping data for table quick_test
--
-- Table bookworld.quick_test does not contain any data (it is empty)

-- 
-- Dumping data for table pdf
--
INSERT INTO pdf VALUES
(1, 'https://firebasestorage.googleapis.com/v0/b/ha-pj-a27a8.appspot.com/o/files%2F20020332_LeHuyHaiAnh_P2.pdf?alt=media&token=12ccdff8-ecb5-4ed7-ab59-b04726696c6f', 5, 13),
(2, 'https://firebasestorage.googleapis.com/v0/b/ha-pj-a27a8.appspot.com/o/files%2FB%C3%A1o%20c%C3%A1o%20k%E1%BA%BFt%20qu%E1%BA%A3%20nghi%C3%AAn%20c%E1%BB%A9u%20c%C3%B4ng%20ngh%E1%BB%87.pdf?alt=media&token=a7fc9d81-6c1d-4015-beca-87b0f34eb0ce', 5, 13),
(3, 'https://firebasestorage.googleapis.com/v0/b/ha-pj-a27a8.appspot.com/o/files%2FB%C3%A1o%20c%C3%A1o%20k%E1%BA%BFt%20qu%E1%BA%A3%20nghi%C3%AAn%20c%E1%BB%A9u%20c%C3%B4ng%20ngh%E1%BB%87.pdf?alt=media&token=5975d2e2-4e78-47f9-8804-e9c6a651fb9a', 5, 13),
(4, 'https://firebasestorage.googleapis.com/v0/b/bookproject-70431.appspot.com/o/files%2FaacF81H_TsWnBfNR_x7FIg_36299b28fa0c4a5aba836111daad12f1_DAC8-Case-Study-1.pdf?alt=media&token=ab54db86-ef0c-4a45-ba41-64ab7634339c', 5, 13);

-- 
-- Dumping data for table questions
--
INSERT INTO questions VALUES
(x'0BD9EDB5376746A2BE1B5B0021F802F4', NULL, NULL, 71),
(x'1705820A05F7492AAC1761F81C7EA679', 'a', 3, 71),
(x'1D1B334326D14CB8843AC52B62A55B08', 'nghe thuat song', 8, 71),
(x'63099EE600584F06AD5D999A4DEB38F8', 'a', 2, 71),
(x'6F48D23DA9D34ED693C409C689C78C4D', 'a', 3, 1),
(x'7365A25A55894F48B86A0303B76F118C', 'aaaaaa', NULL, 71),
(x'7449A103101C42E9A793A3CA21A7F85E', NULL, NULL, 71),
(x'76C1FFCCDAB941C8BB6B41F37232C9CC', 'what your name', 6, 1),
(x'AAEAE95F12544D5CBFE65C763BA40DFA', 'a', 2, 71),
(x'B5FDC757928947739C041FFAC9450F5D', 'a', 2, 71),
(x'D0941E6BDF944B8581ABF07879D01016', 'a', 3, 71),
(x'F735673C31E64928B2A32C4D0307F1D4', 'a', 2, 71),
(x'FC03B2A05C034957A1033A09E36F9306', NULL, NULL, 71),
(x'FFDFF35EAC76454CAC84EAFFF398C128', 'â', 2, 1);

-- 
-- Dumping data for table post
--
INSERT INTO post VALUES
(1, 3, 5, NULL, 3, NULL, 2, 'Sách rất hay', '2023-10-19 14:17:22.622733', '2023-12-01 23:40:14.868303', NULL, NULL),
(2, 3, 0, NULL, 2, NULL, 12, 'aaaa', '2023-11-03 11:00:20.32195', '2023-11-03 11:00:20.32195', NULL, NULL);

-- 
-- Dumping data for table genre
--
INSERT INTO genre VALUES
(1, 'Mystery'),
(3, 'Tội phạm'),
(4, 'Viễn tưởng'),
(5, 'Ngôn tình'),
(6, 'Tiểu thuyết'),
(7, 'Trinh thám'),
(8, 'Nuôi dưỡng tinh thần'),
(9, 'Nghệ thuật sống'),
(10, 'Phát triển cá nhân'),
(11, 'Truyện, Truyện ngắn');

-- 
-- Dumping data for table user_role
--
INSERT INTO user_role VALUES
(1, 1),
(2, 1),
(3, 1),
(4, 3),
(5, 2),
(9, 1),
(10, 1),
(12, 1),
(13, 2),
(14, 1),
(15, 1),
(16, 1),
(17, 1),
(18, 1),
(19, 2);

-- 
-- Dumping data for table test
--
-- Table bookworld.test does not contain any data (it is empty)

-- 
-- Dumping data for table scoring
--
INSERT INTO scoring VALUES
(1, 0, '2023-12-01 16:54:19', 1, 12),
(2, 0, '2023-12-01 16:55:16', 1, 12),
(3, 0, '2023-12-01 16:55:24', 1, 12),
(4, 0, '2023-12-01 16:55:36', 1, 12),
(5, 0, '2023-12-01 16:56:00', 1, 12),
(6, 0, '2023-12-01 16:56:43', 1, 12),
(7, 0, '2023-12-01 16:58:51', 1, 12),
(8, 0, '2023-12-01 16:58:59', 1, 12),
(9, 6, '2023-12-01 16:59:10', 1, 12),
(10, 3, '2023-12-01 18:39:02', 1, 12),
(11, 6, '2023-12-01 18:39:23', 1, 12),
(12, 0, '2023-12-01 18:40:37', 1, 12),
(13, 0, '2023-12-01 18:41:10', 1, 12),
(14, 0, '2023-12-01 18:41:42', 1, 12),
(15, 0, '2023-12-01 18:42:20', 1, 12),
(16, 0, '2023-12-01 18:44:09', 1, 12),
(17, 6, '2023-12-01 19:39:01', 1, 12),
(18, 6, '2023-12-01 19:41:13', 1, 12),
(19, 0, '2023-12-02 10:08:43', 1, 12),
(20, 0, '2023-12-02 10:14:56', 1, 12),
(21, 0, '2023-12-02 16:13:53', 1, 12),
(22, 0, '2023-12-04 02:13:18', 1, 12);

-- 
-- Dumping data for table report
--
INSERT INTO report VALUES
(1, 'aa', 'aa', 0, '2023-12-05 15:07:24', 4, 12),
(2, 'ly do 2', 'ly do 2', 0, '2023-12-05 15:32:13', 4, 12);

-- 
-- Dumping data for table options
--
INSERT INTO options VALUES
(1, 0, 'aaa', x'FFDFF35EAC76454CAC84EAFFF398C128'),
(2, 1, 'aaaaa', x'FFDFF35EAC76454CAC84EAFFF398C128'),
(3, 0, 'aaaa', x'FFDFF35EAC76454CAC84EAFFF398C128'),
(4, 1, 'aa', x'6F48D23DA9D34ED693C409C689C78C4D'),
(5, 0, 'aaa', x'6F48D23DA9D34ED693C409C689C78C4D'),
(6, 0, 'aaaa', x'6F48D23DA9D34ED693C409C689C78C4D'),
(7, 0, 'aaaaa', x'6F48D23DA9D34ED693C409C689C78C4D'),
(8, 0, '4', x'76C1FFCCDAB941C8BB6B41F37232C9CC'),
(9, 0, 'Mot', x'76C1FFCCDAB941C8BB6B41F37232C9CC'),
(10, 1, 'Hai ', x'76C1FFCCDAB941C8BB6B41F37232C9CC'),
(11, 0, 'Ba', x'76C1FFCCDAB941C8BB6B41F37232C9CC'),
(12, 0, 'a', x'1D1B334326D14CB8843AC52B62A55B08'),
(13, 1, 'aa', x'1D1B334326D14CB8843AC52B62A55B08'),
(14, 0, 'aaa', x'1D1B334326D14CB8843AC52B62A55B08'),
(15, 0, 'aaaa', x'1D1B334326D14CB8843AC52B62A55B08'),
(16, 0, 'a', x'AAEAE95F12544D5CBFE65C763BA40DFA'),
(17, 0, 'aa', x'AAEAE95F12544D5CBFE65C763BA40DFA'),
(18, 0, 'a', x'B5FDC757928947739C041FFAC9450F5D'),
(19, 1, 'f731b279-b55e-418c-950c-76cd8e4a02a2', x'B5FDC757928947739C041FFAC9450F5D'),
(20, 0, '22da6b0d-ba41-4687-856c-19420c3e7654', x'B5FDC757928947739C041FFAC9450F5D'),
(21, 0, '6941ee55-9fc0-4375-9d43-3cba4efae2c1', x'B5FDC757928947739C041FFAC9450F5D'),
(22, 0, 'a', x'F735673C31E64928B2A32C4D0307F1D4'),
(23, 1, '8214d51f-58d2-4b07-9675-0ffc77896461', x'F735673C31E64928B2A32C4D0307F1D4'),
(24, 0, 'ece82d24-15b6-450b-b7aa-ee0ced39c6ef', x'F735673C31E64928B2A32C4D0307F1D4'),
(25, 0, '19404e5f-3752-451b-84db-70d34ee672d3', x'F735673C31E64928B2A32C4D0307F1D4'),
(26, 0, 'a', x'D0941E6BDF944B8581ABF07879D01016'),
(27, 0, '4f2df882-8f26-42d3-b701-955d73e5da67', x'D0941E6BDF944B8581ABF07879D01016'),
(28, 0, 'ec0b42c5-b4ea-440c-8fcd-d4f558665e51', x'D0941E6BDF944B8581ABF07879D01016'),
(29, 0, 'db9b619c-8eb7-4a4d-846a-3f43323f3e8b', x'D0941E6BDF944B8581ABF07879D01016'),
(30, 1, 'a', x'1705820A05F7492AAC1761F81C7EA679'),
(31, 0, '658f9cc2-e720-43e8-9688-b24230fa5fda', x'1705820A05F7492AAC1761F81C7EA679'),
(32, 0, 'dc2cb722-74c8-47b4-a6ca-9cc82ea8b3d3', x'1705820A05F7492AAC1761F81C7EA679'),
(33, 0, 'c71d1f56-d89c-47f8-9d2f-a3f9d25d036a', x'63099EE600584F06AD5D999A4DEB38F8'),
(34, 1, 'a', x'63099EE600584F06AD5D999A4DEB38F8'),
(35, 0, 'c80a3251-012e-484e-9a76-1cd88658bbdc', x'63099EE600584F06AD5D999A4DEB38F8'),
(36, 0, '33bcdb97-ffcf-40a4-8ed0-4c550e486aef', x'63099EE600584F06AD5D999A4DEB38F8'),
(37, 0, 'bfd054b3-7e5c-4c2c-9b70-ec047be0c012', x'7449A103101C42E9A793A3CA21A7F85E'),
(38, 0, '559a810a-baea-4a42-a652-e7ca93eb4fe9', x'7449A103101C42E9A793A3CA21A7F85E'),
(39, 0, '3c67c64e-235b-47dc-9013-4f8078e1f5e4', x'7449A103101C42E9A793A3CA21A7F85E'),
(40, 0, '7bde9b83-0582-4eee-a1e0-8239224aa820', x'7449A103101C42E9A793A3CA21A7F85E'),
(41, 0, 'c9e2142d-18f6-476d-a41a-932b48313639', x'0BD9EDB5376746A2BE1B5B0021F802F4'),
(42, 0, '7cb01b9a-da7e-4f43-8aa9-79c667254a9c', x'0BD9EDB5376746A2BE1B5B0021F802F4'),
(43, 0, 'b43d8371-d7e7-436f-bfaa-bd141b727e8d', x'0BD9EDB5376746A2BE1B5B0021F802F4'),
(44, 0, 'd2e5f118-7bea-4321-b457-09d2d0d3126b', x'0BD9EDB5376746A2BE1B5B0021F802F4'),
(45, 0, '608dde87-f90d-455d-8ac6-b1a39bbb7a05', x'FC03B2A05C034957A1033A09E36F9306'),
(46, 0, '736e2fe8-45a4-4ad7-b310-9c824eac996e', x'FC03B2A05C034957A1033A09E36F9306'),
(47, 0, '80addad1-6092-42f6-a55f-f12eb53d0af7', x'FC03B2A05C034957A1033A09E36F9306'),
(48, 0, '6244ca19-542d-4a9c-a4ec-fc7db5b68fda', x'FC03B2A05C034957A1033A09E36F9306'),
(49, 0, 'a', x'7365A25A55894F48B86A0303B76F118C'),
(50, 0, '97c71c3a-56c4-4e4c-87c7-93626bf4ee4e', x'7365A25A55894F48B86A0303B76F118C'),
(51, 0, '8e59b7d8-f939-459b-8dbb-25f5c5e41d7b', x'7365A25A55894F48B86A0303B76F118C'),
(52, 0, 'd', x'7365A25A55894F48B86A0303B76F118C');

-- 
-- Dumping data for table likes
--
-- Table bookworld.likes does not contain any data (it is empty)

-- 
-- Dumping data for table friendship
--
INSERT INTO friendship VALUES
(1, 'PENDING', 4, 12),
(2, 'PENDING', 5, 12),
(25, 'PENDING', 10, 13),
(27, 'PENDING', 9, 13),
(44, 'PENDING', 9, 12);

-- 
-- Dumping data for table comment
--
INSERT INTO comment VALUES
(x'24D249E440DA4A09A30E08920F3C4B49', NULL, 'a', '2023-12-01 23:30:38.754708', '2023-12-01 23:30:38.754708', NULL, 1, 12),
(x'3834C1A662F34E9CB042D7A5314AE7FA', NULL, 'aaa', '2023-12-01 23:40:14.858299', '2023-12-01 23:40:14.858299', x'AE3C918C85204B11B264BE2B83C8F9FC', 1, 12),
(x'7F9D3BB041E24EDD8CE95CA64CE54EF7', NULL, 'test', '2023-12-01 23:31:01.617558', '2023-12-01 23:31:01.617558', NULL, 1, 12),
(x'AE3C918C85204B11B264BE2B83C8F9FC', NULL, 'helllo', '2023-11-30 11:49:21.388242', '2023-11-30 11:49:21.388242', x'CE689053FB3C4928B5152542D35B7692', 1, 12),
(x'CE689053FB3C4928B5152542D35B7692', NULL, 'aa', '2023-11-30 11:49:09.235025', '2023-11-30 11:49:09.235025', NULL, 1, 12);

-- 
-- Dumping data for table book_sale
--
-- Table bookworld.book_sale does not contain any data (it is empty)

-- 
-- Dumping data for table book_genre
--
INSERT INTO book_genre VALUES
(1, 1),
(3, 1),
(4, 1),
(5, 1),
(6, 1),
(7, 4),
(8, 6),
(9, 6),
(10, 6),
(11, 6),
(12, 6),
(13, 6),
(14, 6),
(15, 6),
(16, 6),
(17, 6),
(18, 6),
(19, 6),
(20, 7),
(21, 7),
(22, 5),
(23, 8),
(24, 8),
(25, 8),
(26, 8),
(27, 8),
(28, 8),
(29, 9),
(30, 9),
(31, 9),
(32, 9),
(33, 9),
(34, 9),
(35, 9),
(36, 10),
(37, 10),
(38, 10),
(39, 10),
(40, 10),
(41, 10),
(42, 10),
(44, 4),
(45, 4),
(46, 4),
(47, 4),
(48, 4),
(49, 4),
(50, 4),
(51, 4),
(52, 4),
(53, 4),
(54, 4),
(55, 4),
(56, 4),
(57, 4),
(58, 11),
(59, 11),
(60, 11),
(61, 11),
(62, 11),
(63, 11),
(65, 11),
(66, 11),
(67, 11),
(68, 11),
(70, 11),
(71, 9);

-- 
-- Dumping data for table book_basket
--
INSERT INTO `book_basket` VALUES (1,2,'Đang đọc',NULL),(1,12,'Đang đọc',NULL),(2,2,'Đang đọc',NULL),(2,12,'Muốn đọc',NULL);

INSERT INTO `month` (`month`, `quarter`) VALUES ('1', '1');
INSERT INTO `month` (`month`, `quarter`) VALUES ('2', '1');
INSERT INTO `month` (`month`, `quarter`) VALUES ('3', '1');
INSERT INTO `month` (`month`, `quarter`) VALUES ('4', '2');
INSERT INTO `month` (`month`, `quarter`) VALUES ('5', '2');
INSERT INTO `month` (`month`, `quarter`) VALUES ('6', '2');
INSERT INTO `month` (`month`, `quarter`) VALUES ('7', '3');
INSERT INTO `month` (`month`, `quarter`) VALUES ('8', '3');
INSERT INTO `month` (`month`, `quarter`) VALUES ('9', '3');
INSERT INTO `month` (`month`, `quarter`) VALUES ('10', '4');
INSERT INTO `month` (`month`, `quarter`) VALUES ('11', '4');
INSERT INTO `month` (`month`, `quarter`) VALUES ('12', '4');

-- 
-- Restore previous SQL mode
-- 
/*!40101 SET SQL_MODE=@OLD_SQL_MODE */;

-- 
-- Enable foreign keys
-- 
/*!40014 SET FOREIGN_KEY_CHECKS = @OLD_FOREIGN_KEY_CHECKS */;